ID;Data;Origem;Destino;Produto;Quantidade;Peso (Kg);Custo (R$);Status;Transportadora;Categoria
1;01/01/2025;São Paulo;Brasília;Eletrônicos;442;37.75;4447.82;Entregue;Transportadora X;Alta
2;02/01/2025;Belo Horizonte;Salvador;Eletrônicos;51;38.92;3506.27;Aguardando retirada;Transportadora X;Baixa
3;03/01/2025;Belo Horizonte;Salvador;Medicamentos;97;38.64;1151.42;Entregue;Transportadora Y;Baixa
4;04/01/2025;Recife;Curitiba;Medicamentos;135;49.83;3282.24;Entregue;Transportadora Z;Média
5;05/01/2025;Recife;Brasília;Alimentos;441;31.24;3050.99;Em trânsito;Transportadora Y;Alta
6;06/01/2025;Rio de Janeiro;Fortaleza;Medicamentos;171;34.66;325.43;Aguardando retirada;Transportadora Z;Média
7;07/01/2025;Rio de Janeiro;Fortaleza;Alimentos;40;37.37;3985.54;Aguardando retirada;Transportadora Y;Baixa
8;08/01/2025;Recife;Salvador;Medicamentos;472;17.44;351.05;Em trânsito;Transportadora Z;Alta
9;09/01/2025;São Paulo;Curitiba;Medicamentos;165;40.98;4992.01;Entregue;Transportadora Z;Média
10;10/01/2025;São Paulo;Fortaleza;Medicamentos;97;37.8;1720.6;Aguardando retirada;Transportadora X;Baixa
11;11/01/2025;São Paulo;Curitiba;Medicamentos;332;46.19;4406.06;Aguardando retirada;Transportadora Y;Alta
12;12/01/2025;Belo Horizonte;Fortaleza;Eletrônicos;305;18.71;1039.08;Entregue;Transportadora Z;Alta
13;13/01/2025;São Paulo;Fortaleza;Alimentos;207;8.69;2365.93;Aguardando retirada;Transportadora Z;Média
14;14/01/2025;Recife;Curitiba;Alimentos;52;42.83;3508.16;Em trânsito;Transportadora Z;Baixa
15;15/01/2025;Rio de Janeiro;Fortaleza;Eletrônicos;393;38.91;3955.85;Aguardando retirada;Transportadora Y;Alta
16;16/01/2025;São Paulo;Salvador;Alimentos;379;8.94;3346.06;Aguardando retirada;Transportadora Y;Alta
17;17/01/2025;Rio de Janeiro;Salvador;Eletrônicos;379;18.83;4800.85;Em trânsito;Transportadora Y;Alta
18;18/01/2025;Recife;Brasília;Medicamentos;478;32.97;1328.65;Aguardando retirada;Transportadora Z;Alta
19;19/01/2025;Rio de Janeiro;Brasília;Medicamentos;361;46.4;443.39;Aguardando retirada;Transportadora Y;Alta
20;20/01/2025;São Paulo;Curitiba;Eletrônicos;365;35.17;645.32;Aguardando retirada;Transportadora Z;Alta
21;21/01/2025;Belo Horizonte;Salvador;Vestuário;388;7.99;3666.53;Em trânsito;Transportadora Y;Alta
22;22/01/2025;São Paulo;Salvador;Eletrônicos;256;26.49;836.06;Entregue;Transportadora Y;Média
23;23/01/2025;Recife;Salvador;Vestuário;90;47.54;1580.73;Aguardando retirada;Transportadora X;Baixa
24;24/01/2025;Recife;Brasília;Medicamentos;244;43.11;1588.22;Entregue;Transportadora Z;Média
25;25/01/2025;São Paulo;Fortaleza;Vestuário;395;49.63;1529.51;Entregue;Transportadora Z;Alta
26;26/01/2025;Belo Horizonte;Brasília;Alimentos;291;41.88;1883.9;Em trânsito;Transportadora Z;Média
27;27/01/2025;São Paulo;Curitiba;Alimentos;403;24.4;4377.79;Entregue;Transportadora X;Alta
28;28/01/2025;Recife;Salvador;Medicamentos;72;19.15;2913.19;Em trânsito;Transportadora Y;Baixa
29;29/01/2025;Belo Horizonte;Fortaleza;Alimentos;366;25.64;4373.2;Entregue;Transportadora Z;Alta
30;30/01/2025;São Paulo;Curitiba;Vestuário;18;10.38;2093.29;Entregue;Transportadora Y;Baixa
31;31/01/2025;Belo Horizonte;Fortaleza;Alimentos;373;46.78;2429.12;Aguardando retirada;Transportadora Y;Alta
32;01/02/2025;Recife;Curitiba;Alimentos;318;11.21;1621.14;Em trânsito;Transportadora Z;Alta
33;02/02/2025;Belo Horizonte;Curitiba;Vestuário;70;21.93;1394.59;Entregue;Transportadora Y;Baixa
34;03/02/2025;Rio de Janeiro;Fortaleza;Eletrônicos;384;17.8;4755.17;Entregue;Transportadora Y;Alta
35;04/02/2025;São Paulo;Curitiba;Vestuário;15;46.24;3921.48;Aguardando retirada;Transportadora Y;Baixa
36;05/02/2025;São Paulo;Salvador;Eletrônicos;396;16.99;2373.24;Entregue;Transportadora Y;Alta
37;06/02/2025;Recife;Curitiba;Alimentos;374;12.26;4814.79;Aguardando retirada;Transportadora Y;Alta
38;07/02/2025;Recife;Curitiba;Alimentos;238;33.15;4771.97;Em trânsito;Transportadora Y;Média
39;08/02/2025;Recife;Curitiba;Medicamentos;180;22.99;3059.91;Aguardando retirada;Transportadora X;Média
40;09/02/2025;São Paulo;Fortaleza;Medicamentos;465;41.32;4291.29;Entregue;Transportadora Z;Alta
41;10/02/2025;São Paulo;Salvador;Vestuário;169;13.01;3077.57;Aguardando retirada;Transportadora Z;Média
42;11/02/2025;Recife;Curitiba;Medicamentos;406;45.72;3501.19;Em trânsito;Transportadora Z;Alta
43;12/02/2025;Recife;Salvador;Vestuário;309;21.39;904.88;Entregue;Transportadora X;Alta
44;13/02/2025;Rio de Janeiro;Fortaleza;Alimentos;406;15.29;1047.66;Aguardando retirada;Transportadora Z;Alta
45;14/02/2025;Belo Horizonte;Salvador;Alimentos;471;22.75;2482.76;Entregue;Transportadora Z;Alta
46;15/02/2025;Recife;Fortaleza;Alimentos;373;48.75;4642.95;Aguardando retirada;Transportadora Z;Alta
47;16/02/2025;Recife;Fortaleza;Alimentos;232;33.39;1346.62;Em trânsito;Transportadora Y;Média
48;17/02/2025;Belo Horizonte;Fortaleza;Medicamentos;198;30.85;2667.73;Em trânsito;Transportadora Y;Média
49;18/02/2025;Rio de Janeiro;Brasília;Vestuário;40;23.73;2065.53;Aguardando retirada;Transportadora Y;Baixa
50;19/02/2025;Belo Horizonte;Salvador;Alimentos;90;20.25;3219.38;Em trânsito;Transportadora X;Baixa
51;20/02/2025;Recife;Curitiba;Medicamentos;35;19.72;3935.75;Aguardando retirada;Transportadora X;Baixa
52;21/02/2025;São Paulo;Salvador;Alimentos;143;47.06;4573.85;Em trânsito;Transportadora Y;Média
53;22/02/2025;Recife;Curitiba;Alimentos;452;13.28;4060.72;Entregue;Transportadora X;Alta
54;23/02/2025;Recife;Fortaleza;Medicamentos;246;38.41;1130.85;Em trânsito;Transportadora Y;Média
55;24/02/2025;Belo Horizonte;Salvador;Vestuário;477;17.5;193.26;Aguardando retirada;Transportadora X;Alta
56;25/02/2025;Rio de Janeiro;Curitiba;Eletrônicos;460;30.34;4819.51;Entregue;Transportadora Z;Alta
57;26/02/2025;Rio de Janeiro;Curitiba;Eletrônicos;409;18.22;2429.09;Em trânsito;Transportadora X;Alta
58;27/02/2025;Belo Horizonte;Salvador;Vestuário;346;33.06;1487.95;Em trânsito;Transportadora Y;Alta
59;28/02/2025;Recife;Salvador;Medicamentos;324;31.13;678.83;Em trânsito;Transportadora X;Alta
60;01/03/2025;Rio de Janeiro;Fortaleza;Vestuário;216;19.92;2466.52;Aguardando retirada;Transportadora Y;Média
61;02/03/2025;São Paulo;Fortaleza;Alimentos;468;11.83;3615.11;Entregue;Transportadora X;Alta
62;03/03/2025;São Paulo;Fortaleza;Eletrônicos;385;30.73;2509.51;Em trânsito;Transportadora Y;Alta
63;04/03/2025;Recife;Curitiba;Eletrônicos;65;41.95;2733.7;Aguardando retirada;Transportadora X;Baixa
64;05/03/2025;São Paulo;Salvador;Medicamentos;278;26.21;4099.6;Em trânsito;Transportadora Y;Média
65;06/03/2025;Rio de Janeiro;Fortaleza;Medicamentos;299;44.45;201.55;Em trânsito;Transportadora Z;Média
66;07/03/2025;Rio de Janeiro;Salvador;Eletrônicos;387;17.2;4593.64;Aguardando retirada;Transportadora X;Alta
67;08/03/2025;Belo Horizonte;Curitiba;Medicamentos;163;21.03;127.78;Entregue;Transportadora X;Média
68;09/03/2025;Belo Horizonte;Curitiba;Vestuário;222;26.94;3675.11;Aguardando retirada;Transportadora Z;Média
69;10/03/2025;Belo Horizonte;Brasília;Medicamentos;442;16.21;3874.35;Em trânsito;Transportadora X;Alta
70;11/03/2025;São Paulo;Brasília;Vestuário;65;24.26;3136.52;Aguardando retirada;Transportadora Y;Baixa
71;12/03/2025;Recife;Salvador;Eletrônicos;184;40.19;1628.76;Aguardando retirada;Transportadora X;Média
72;13/03/2025;Recife;Brasília;Eletrônicos;86;17.38;668.92;Em trânsito;Transportadora Y;Baixa
73;14/03/2025;São Paulo;Curitiba;Vestuário;260;9.52;315.75;Aguardando retirada;Transportadora X;Média
74;15/03/2025;São Paulo;Curitiba;Vestuário;322;25.69;385.13;Em trânsito;Transportadora X;Alta
75;16/03/2025;Recife;Fortaleza;Vestuário;486;18.53;1959.34;Em trânsito;Transportadora Y;Alta
76;17/03/2025;Belo Horizonte;Fortaleza;Vestuário;168;28.67;1260.13;Entregue;Transportadora Y;Média
77;18/03/2025;Rio de Janeiro;Brasília;Vestuário;216;40.12;149.39;Aguardando retirada;Transportadora Z;Média
78;19/03/2025;Rio de Janeiro;Fortaleza;Alimentos;437;7.37;891.91;Em trânsito;Transportadora Z;Alta
79;20/03/2025;Rio de Janeiro;Salvador;Eletrônicos;284;6.42;1048.6;Aguardando retirada;Transportadora Z;Média
80;21/03/2025;Rio de Janeiro;Brasília;Vestuário;123;41.66;2470.05;Entregue;Transportadora X;Média
81;22/03/2025;Rio de Janeiro;Curitiba;Eletrônicos;128;16.83;2550.95;Entregue;Transportadora X;Média
82;23/03/2025;Belo Horizonte;Fortaleza;Vestuário;343;10.55;181.48;Aguardando retirada;Transportadora Z;Alta
83;24/03/2025;São Paulo;Salvador;Eletrônicos;492;19.33;415.51;Entregue;Transportadora Y;Alta
84;25/03/2025;Belo Horizonte;Brasília;Eletrônicos;194;14.09;596.01;Entregue;Transportadora X;Média
85;26/03/2025;São Paulo;Brasília;Medicamentos;248;44.34;445.38;Aguardando retirada;Transportadora Z;Média
86;27/03/2025;Rio de Janeiro;Fortaleza;Alimentos;384;15.93;3397.54;Em trânsito;Transportadora Y;Alta
87;28/03/2025;Belo Horizonte;Brasília;Eletrônicos;79;38.64;1552.45;Aguardando retirada;Transportadora X;Baixa
88;29/03/2025;Rio de Janeiro;Curitiba;Alimentos;99;25.98;4418.68;Entregue;Transportadora Y;Baixa
89;30/03/2025;Recife;Curitiba;Eletrônicos;367;17.24;3099.25;Entregue;Transportadora X;Alta
90;31/03/2025;Recife;Fortaleza;Vestuário;346;22.34;1260.27;Entregue;Transportadora Z;Alta
91;01/04/2025;Belo Horizonte;Curitiba;Alimentos;152;40.1;4623.59;Aguardando retirada;Transportadora X;Média
92;02/04/2025;São Paulo;Curitiba;Alimentos;274;41.11;2848.15;Aguardando retirada;Transportadora X;Média
93;03/04/2025;Belo Horizonte;Fortaleza;Alimentos;437;24.77;2387.22;Em trânsito;Transportadora Z;Alta
94;04/04/2025;Recife;Curitiba;Medicamentos;118;5.72;3223.67;Entregue;Transportadora Z;Média
95;05/04/2025;São Paulo;Brasília;Eletrônicos;399;17.39;4557.56;Entregue;Transportadora X;Alta
96;06/04/2025;Recife;Curitiba;Alimentos;420;16.32;546.7;Aguardando retirada;Transportadora Y;Alta
97;07/04/2025;Recife;Brasília;Medicamentos;246;48.65;4006.32;Em trânsito;Transportadora X;Média
98;08/04/2025;Belo Horizonte;Curitiba;Vestuário;364;43.86;4915.76;Aguardando retirada;Transportadora X;Alta
99;09/04/2025;Belo Horizonte;Brasília;Vestuário;91;25.32;392.9;Entregue;Transportadora Z;Baixa
100;10/04/2025;Recife;Brasília;Eletrônicos;295;44.22;3902.57;Entregue;Transportadora Y;Média
